weibocount,uid,screenname
28748,1830442653,韩流音悦Tai
25544,1698229264,音悦台
21296,1761731257,汽车之家
45872,1879044834,蘑菇街
7474,2192816330,金秀贤中国首站
67876,1718455577,美丽说
15061,1834100153,欧美音悦Tai
42244,1789501184,爱图购时尚搭配
10545,3206764310,动漫速递
44736,1743757504,飞常准
7997,1969737530,华强北商城
19668,1730714982,蚂蜂窝旅游攻略
21627,1715699120,聚美优品
8144,2169129705,QQ音乐
14643,1768198384,天猫
24755,1589698103,唯品会
30472,1746316033,堆糖网
8932,1855335174,万能的淘宝
5385,3231842602,FitTime睿健时代
17001,1885454921,蓝鲸财经记者工作平台
11257,2018499075,直播吧zhibo8
11914,2101284045,安卓市场
10537,1732523361,亚马逊
10563,1722647874,大麦网
19429,1663735900,时光网Mtime
3228,3177527181,北美吐槽君
14784,1670645393,艺龙旅行网
17958,1721131891,携程旅行网
11184,1835254597,华语音悦Tai
11953,1717871843,京东
38130,1718484663,普特英语听力网
16160,2615278891,影视音乐网
11628,1893660435,东瀛音悦Tai
17453,1912222221,易车网
20445,1717851677,乐蜂网
12698,1737694250,手机中国
25606,1893802153,狂愛kuangaiTVB
11624,1725229222,1号店
13752,1686230250,美团
10004,1793546503,携程客服
38532,2664138864,贩卖红馆
10080,1769962140,苏宁易购
8768,2608483217,地球人很可怕
35344,1868516374,手机圈
14781,1534939700,驴妈妈旅游网
13862,1887155232,国美在线
6325,2881352820,金秀贤时间站
70205,1762675215,爱物网
2050,2965425143,EXO官博
13034,2493118952,花瓣网
4171,3097378697,Zealer中国
2325,2496434537,京东电脑数码
6036,2813165271,啪啪
13810,1727359102,去哪儿网
2979,2381461594,腾讯地图
45525,2000961721,和讯网
25539,2238236560,一切与美食有关
4747,2715402271,蝗虫团购
32747,1782445853,kiDulty潮流先锋
11697,1836101984,音悦Tai-SuperJunior饭团
34605,2553130671,大红团
19772,2057074025,爱奇艺综艺
4993,1892480297,李宇春资讯台
6064,2100925373,京东手机通讯
12456,1647263235,当当网
8299,1317578514,厦门鼓浪屿旅游攻略
3176,2975035413,亚马逊图书音像
5515,2588184182,EK-乐在韩国官博
16042,1647910344,豆果网
21754,1571754513,东奥会计在线
8896,2364776142,中国教育在线考研频道
15693,1895332380,室内设计师网
9668,1932821321,世纪佳缘
30243,1786878550,深圳柠檬网
16906,2445286787,噶玛噶举中国论坛
25382,1651700972,4A广告提案网
6078,2325663301,bigbang中文网
1320,1748075785,哔哩哔哩弹幕网
6510,1682454721,淘宝网
4509,1880431174,淘宝VIP
19505,1750284695,百度糯米
4227,2255811735,音悦Tai五月天饭团
1362,3967905259,微店
27128,2024929371,红袖经典文学
53555,1823348853,什么值得买
647,3226385370,STYLOSOPHY
18809,1742013781,汽车营销分析
14889,1718436033,虾米音乐
37839,1733671614,YOHO有货
7715,1735747402,丁香园
6268,1923319931,淘粉吧
25191,1565369860,大学生励志网
12364,1889659390,穷游折扣
1971,3811361823,小辣椒
2142,1673687881,5sing音乐人
43952,2334007621,中国教育研究
13491,1747383115,ZOL中关村在线
3574,3785803413,野糖网
8857,1774264997,空姐网
6233,2754272121,虎扑识货
